"Player","Team","Position","Rk","Status","Score","% Owned","+/-","Mon 10/22","Tue 10/23","Wed 10/24","Thu 10/25","Fri 10/26","Sat 10/27","Sun 10/28"
"Harden, James","HOU","PG,SG,G,Flx","1","ynwa","100","100%","+99.9%","","","UTA Wed 8:00PM","","LAC Fri 8:00PM","",""
"Jokic, Nikola","DEN","PF,F,C,Flx","2","Gabi_p","99.83","100%","+100%","","SAC Tue 9:00PM","","@LAL Thu 10:30PM","","",""
"Embiid, Joel","PHI","PF,F,C,Flx","3","MCB","91","100%","+99.9%","","@DET Tue 7:00PM","@MIL Wed 9:30PM","","","CHA Sat 7:30PM",""
"Davis, Anthony","NO","PF,F,C,Flx","4","TheMacca","89.06","100%","+99.9%","","LAC Tue 8:00PM","","","BKN Fri 8:00PM","UTA Sat 7:00PM",""
"Durant, Kevin","GS","SF,PF,F,Flx","5","Giladsh","88.86","100%","+99.9%","PHO Mon 10:30PM","","WAS Wed 10:30PM","","@NY Fri 7:30PM","","@BKN Sun 5:00PM"
"Curry, Stephen","GS","PG,SG,G,Flx","6","argold","88.4","100%","+99.6%","PHO Mon 10:30PM","","WAS Wed 10:30PM","","@NY Fri 7:30PM","","@BKN Sun 5:00PM"
"Hardaway Jr., Tim","NY","SG,G,SF,F,Flx","7","Gabi_p","87.69","98%","+98.4%","@MIL Mon 8:00PM","","@MIA Wed 7:30PM","","GS Fri 7:30PM","",""
"George, Paul","OKC","SG,G,SF,F,Flx","8","MCB","86.83","100%","+99.7%","","","","BOS Thu 8:00PM","","","PHO Sun 7:00PM"
"Lowry, Kyle","TOR","PG,G,Flx","9","Gabi_p","86.26","99%","+98.6%","CHA Mon 7:30PM","","MIN Wed 7:30PM","","DAL Fri 7:30PM","",""
"Walker, Kemba","CHA","PG,G,Flx","10","TAP","86.02","100%","+99.9%","@TOR Mon 7:30PM","","@CHI Wed 8:00PM","","CHI Fri 7:00PM","@PHI Sat 7:30PM",""
"Vucevic, Nikola","ORL","PF,F,C,Flx","11","ynwa","84.16","100%","+99.9%","@BOS Mon 7:30PM","","","POR Thu 7:00PM","","@MIL Sat 8:30PM",""
"Butler, Jimmy","MIN","SG,G,SF,F,Flx","12","argold","82.65","100%","+99.9%","IND Mon 8:00PM","","@TOR Wed 7:30PM","","MIL Fri 8:00PM","",""
"Kanter, Enes","NY","C,Flx","13","turgi","82.61","99%","+99.1%","@MIL Mon 8:00PM","","@MIA Wed 7:30PM","","GS Fri 7:30PM","",""
"Young, Trae","ATL","PG,G,Flx","14","ynwa","81.87","99%","+98.6%","","","DAL Wed 7:00PM","","","CHI Sat 7:30PM",""
"Love, Kevin","CLE","PF,F,C,Flx","15","ynwa","81.67","100%","+99.8%","","","BKN Wed 7:00PM","@DET Thu 7:00PM","","IND Sat 7:30PM",""
"Griffin, Blake","DET","PF,F,C,Flx","16","turgi","80.26","99%","+98.6%","","PHI Tue 7:00PM","","CLE Thu 7:00PM","","BOS Sat 7:00PM",""
"Towns, Karl-Anthony","MIN","C,Flx","17","ZAYN","79.49","100%","+100%","IND Mon 8:00PM","","@TOR Wed 7:30PM","","MIL Fri 8:00PM","",""
"Harris, Gary","DEN","SG,G,SF,F,Flx","18","BNEI","79.48","96%","+95.8%","","SAC Tue 9:00PM","","@LAL Thu 10:30PM","","",""
"Harris, Tobias","LAC","SF,PF,F,Flx","19","argold","79.11","100%","+100%","","@NO Tue 8:00PM","","","@HOU Fri 8:00PM","","WAS Sun 9:30PM"
"Simmons, Ben","PHI","PG,G,SF,F,Flx","20","Gabi_p","78.25","99%","+99%","","@DET Tue 7:00PM","@MIL Wed 9:30PM","","","CHA Sat 7:30PM",""
"Adams, Steven","OKC","C,Flx","21","BNEI","78.05","98%","+98.2%","","","","BOS Thu 8:00PM","","","PHO Sun 7:00PM"
"Gordon, Aaron","ORL","SF,PF,F,Flx","22","Giladsh","77.6","99%","+99.4%","@BOS Mon 7:30PM","","","POR Thu 7:00PM","","@MIL Sat 8:30PM",""
"Tatum, Jayson","BOS","SF,PF,F,Flx","23","TAP","77.4","100%","+100%","ORL Mon 7:30PM","","","@OKC Thu 8:00PM","","@DET Sat 7:00PM",""
"Fox, De'Aaron","SAC","PG,G,Flx","24","Giladsh","77.16","98%","+98.2%","","@DEN Tue 9:00PM","MEM Wed 10:00PM","","WAS Fri 10:00PM","",""
"Gallinari, Danilo","LAC","SF,PF,F,Flx","25","Gabi_p","76.58","94%","+93.8%","","@NO Tue 8:00PM","","","@HOU Fri 8:00PM","","WAS Sun 9:30PM"
"LeVert, Caris","BKN","PG,G,SF,F,Flx","26","Giladsh","76.2","95%","+95.1%","","","@CLE Wed 7:00PM","","@NO Fri 8:00PM","","GS Sun 5:00PM"
"Prince, Taurean","ATL","SF,F,Flx","27","Gabi_p","75.97","99%","+99.1%","","","DAL Wed 7:00PM","","","CHI Sat 7:30PM",""
"Wiggins, Andrew","MIN","SG,G,SF,F,Flx","28","BNEI","75.11","98%","+97.6%","IND Mon 8:00PM","","@TOR Wed 7:30PM","","MIL Fri 8:00PM","",""
"Mirotic, Nikola","NO","SF,PF,F,Flx","29","argold","74.83","99%","+99.2%","","LAC Tue 8:00PM","","","BKN Fri 8:00PM","UTA Sat 7:00PM",""
"Wall, John","WAS","PG,G,Flx","30","turgi","74.6","100%","+99.8%","@POR Mon 10:00PM","","@GS Wed 10:30PM","","@SAC Fri 10:00PM","","@LAC Sun 9:30PM"
"Dragic, Goran","MIA","PG,SG,G,Flx","31","MCB","74.43","98%","+98.2%","","","NY Wed 7:30PM","","","POR Sat 8:00PM",""
"Ibaka, Serge","TOR","PF,F,C,Flx","32","TheMacca","74.18","95%","+94.8%","CHA Mon 7:30PM","","MIN Wed 7:30PM","","DAL Fri 7:30PM","",""
"Teague, Jeff","MIN","PG,G,Flx","33","ZAYN","74.14","98%","+98.4%","IND Mon 8:00PM","","@TOR Wed 7:30PM","","MIL Fri 8:00PM","",""
"Oladipo, Victor","IND","PG,SG,G,Flx","34","GFv","74.07","100%","+99.9%","@MIN Mon 8:00PM","","@SA Wed 8:30PM","","","@CLE Sat 7:30PM",""
"McGruder, Rodney","MIA","SG,G,Flx","35","Giladsh","73.5","50%","+50.1%","","","NY Wed 7:30PM","","","POR Sat 8:00PM",""
"Lillard, Damian","POR","PG,G,Flx","36","GFv","73.22","100%","+99.9%","WAS Mon 10:00PM","","","@ORL Thu 7:00PM","","@MIA Sat 8:00PM",""
"Richardson, Josh","MIA","PG,SG,G,Flx","37","ZAYN","72.43","99%","+98.6%","","","NY Wed 7:30PM","","","POR Sat 8:00PM",""
"Paul, Chris","HOU","PG,G,Flx","38","Giladsh","71.84","99%","+98.8%","","","UTA Wed 8:00PM","","LAC Fri 8:00PM","",""
"Cauley-Stein, Willie","SAC","PF,F,C,Flx","39","TheMacca","71.52","97%","+96.6%","","@DEN Tue 9:00PM","MEM Wed 10:00PM","","WAS Fri 10:00PM","",""
"Osman, Cedi","CLE","SF,PF,F,Flx","40","Gabi_p","70.19","93%","+92.7%","","","BKN Wed 7:00PM","@DET Thu 7:00PM","","IND Sat 7:30PM",""
"Jordan, DeAndre","DAL","C,Flx","41","TAP","69.9","99%","+99.2%","CHI Mon 8:30PM","","@ATL Wed 7:00PM","","@TOR Fri 7:30PM","","UTA Sun 7:00PM"
"Schroder, Dennis","OKC","PG,G,Flx","42","BNEI","69.73","95%","+95.3%","","","","BOS Thu 8:00PM","","","PHO Sun 7:00PM"
"Booker, Devin","PHO","PG,SG,G,Flx","43","TheMacca","69.47","100%","+100%","@GS Mon 10:30PM","","LAL Wed 10:00PM","","","@MEM Sat 8:00PM","@OKC Sun 7:00PM"
"Aldridge, LaMarcus","SA","PF,F,C,Flx","44","ynwa","69.06","100%","+99.7%","@LAL Mon 10:30PM","","IND Wed 8:30PM","","","LAL Sat 8:30PM",""
"James, LeBron","LAL","SF,PF,F,Flx","45","turgi","68.93","100%","+99.8%","SA Mon 10:30PM","","@PHO Wed 10:00PM","DEN Thu 10:30PM","","@SA Sat 8:30PM",""
"Redick, JJ","PHI","SG,G,Flx","46","BNEI","68.91","93%","+92.8%","","@DET Tue 7:00PM","@MIL Wed 9:30PM","","","CHA Sat 7:30PM",""
"Leonard, Kawhi","TOR","SG,G,SF,F,Flx","47","BNEI","68.77","100%","+99.7%","CHA Mon 7:30PM","","MIN Wed 7:30PM","","DAL Fri 7:30PM","",""
"Antetokounmpo, Giannis","MIL","SF,PF,F,Flx","48","TAP","68.51","100%","+99.9%","NY Mon 8:00PM","","PHI Wed 9:30PM","","@MIN Fri 8:00PM","ORL Sat 8:30PM",""
"Covington, Robert","PHI","SF,PF,F,Flx","49","MCB","68.29","98%","+98.3%","","@DET Tue 7:00PM","@MIL Wed 9:30PM","","","CHA Sat 7:30PM",""
"Millsap, Paul","DEN","PF,F,C,Flx","50","argold","68.29","94%","+94.5%","","SAC Tue 9:00PM","","@LAL Thu 10:30PM","","",""
"Gordon, Eric","HOU","SG,G,Flx","51","GFv","68.27","94%","+94%","","","UTA Wed 8:00PM","","LAC Fri 8:00PM","",""
"Bazemore, Kent","ATL","SG,G,SF,F,Flx","52","turgi","68.11","88%","+87.6%","","","DAL Wed 7:00PM","","","CHI Sat 7:30PM",""
"Horford, Al","BOS","PF,F,C,Flx","53","Pumba","67.68","98%","+97.7%","ORL Mon 7:30PM","","","@OKC Thu 8:00PM","","@DET Sat 7:00PM",""
"Whiteside, Hassan","MIA","C,Flx","54","GFv","67.05","99%","+98.6%","","","NY Wed 7:30PM","","","POR Sat 8:00PM",""
"Gobert, Rudy","UTA","C,Flx","55","Giladsh","66.99","100%","+99.6%","MEM Mon 9:00PM","","@HOU Wed 8:00PM","","","@NO Sat 7:00PM","@DAL Sun 7:00PM"
"Beal, Bradley","WAS","SG,G,Flx","56","Gabi_p","66.96","97%","+97.4%","@POR Mon 10:00PM","","@GS Wed 10:30PM","","@SAC Fri 10:00PM","","@LAC Sun 9:30PM"
"Ingles, Joe","UTA","SG,G,SF,F,Flx","57","turgi","66.63","99%","+98.9%","MEM Mon 9:00PM","","@HOU Wed 8:00PM","","","@NO Sat 7:00PM","@DAL Sun 7:00PM"
"DeRozan, DeMar","SA","SG,G,SF,F,Flx","58","turgi","66.5","99%","+99.4%","@LAL Mon 10:30PM","","IND Wed 8:30PM","","","LAL Sat 8:30PM",""
"Allen, Jarrett","BKN","PF,F,C,Flx","59","ZAYN","66.33","98%","+98.3%","","","@CLE Wed 7:00PM","","@NO Fri 8:00PM","","GS Sun 5:00PM"
"LaVine, Zach","CHI","PG,SG,G,Flx","60","Pumba","66.14","99%","+98.6%","@DAL Mon 8:30PM","","CHA Wed 8:00PM","","@CHA Fri 7:00PM","@ATL Sat 7:30PM",""
"Fournier, Evan","ORL","SG,G,SF,F,Flx","61","Gabi_p","65.56","95%","+95.1%","@BOS Mon 7:30PM","","","POR Thu 7:00PM","","@MIL Sat 8:30PM",""
"Jackson Jr., Jaren","MEM","PF,F,Flx","62","BNEI","65.17","96%","+96.3%","@UTA Mon 9:00PM","","@SAC Wed 10:00PM","","","PHO Sat 8:00PM",""
"Capela, Clint","HOU","PF,F,C,Flx","63","BNEI","65","100%","+99.8%","","","UTA Wed 8:00PM","","LAC Fri 8:00PM","",""
"Middleton, Khris","MIL","SG,G,SF,F,Flx","64","ZAYN","64.86","98%","+98.3%","NY Mon 8:00PM","","PHI Wed 9:30PM","","@MIN Fri 8:00PM","ORL Sat 8:30PM",""
"Turner, Myles","IND","PF,F,C,Flx","65","MCB","64.33","100%","+99.9%","@MIN Mon 8:00PM","","@SA Wed 8:30PM","","","@CLE Sat 7:30PM",""
"Evans, Tyreke","IND","PG,SG,G,Flx","66","Pumba","64.32","97%","+97.3%","@MIN Mon 8:00PM","","@SA Wed 8:30PM","","","@CLE Sat 7:30PM",""
"Irving, Kyrie","BOS","PG,SG,G,Flx","67","BNEI","64.22","100%","+100%","ORL Mon 7:30PM","","","@OKC Thu 8:00PM","","@DET Sat 7:00PM",""
"Lamb, Jeremy","CHA","SG,G,SF,F,Flx","68","Gabi_p","64.08","86%","+86.3%","@TOR Mon 7:30PM","","@CHI Wed 8:00PM","","CHI Fri 7:00PM","@PHI Sat 7:30PM",""
"Bagley III, Marvin","SAC","PF,F,Flx","69","GFv","62.59","97%","+97.3%","","@DEN Tue 9:00PM","MEM Wed 10:00PM","","WAS Fri 10:00PM","",""
"Monk, Malik","CHA","SG,G,Flx","70","TheMacca","62.5","79%","+79%","@TOR Mon 7:30PM","","@CHI Wed 8:00PM","","CHI Fri 7:00PM","@PHI Sat 7:30PM",""
"Williams, Lou","LAC","PG,SG,G,Flx","71","MCB","62.07","100%","+99.9%","","@NO Tue 8:00PM","","","@HOU Fri 8:00PM","","WAS Sun 9:30PM"
"McGee, JaVale","LAL","C,Flx","72","BNEI","62.06","78%","+77.7%","SA Mon 10:30PM","","@PHO Wed 10:00PM","DEN Thu 10:30PM","","@SA Sat 8:30PM",""
"Murray, Jamal","DEN","PG,SG,G,Flx","73","ynwa","60.6","100%","+99.7%","","SAC Tue 9:00PM","","@LAL Thu 10:30PM","","",""
"Batum, Nicolas","CHA","SG,G,SF,F,Flx","74","Pumba","60.02","96%","+96.4%","@TOR Mon 7:30PM","","@CHI Wed 8:00PM","","CHI Fri 7:00PM","@PHI Sat 7:30PM",""
"Mitchell, Donovan","UTA","PG,SG,G,Flx","75","TAP","59.82","100%","+100%","MEM Mon 9:00PM","","@HOU Wed 8:00PM","","","@NO Sat 7:00PM","@DAL Sun 7:00PM"
"Green, Danny","TOR","SG,G,SF,F,Flx","76","ZAYN","59.37","65%","+64.6%","CHA Mon 7:30PM","","MIN Wed 7:30PM","","DAL Fri 7:30PM","",""
"Saric, Dario","PHI","PF,F,C,Flx","77","Giladsh","59.22","99%","+99.1%","","@DET Tue 7:00PM","@MIL Wed 9:30PM","","","CHA Sat 7:30PM",""
"VanVleet, Fred","TOR","PG,G,Flx","78","TheMacca","59.07","55%","+54.8%","CHA Mon 7:30PM","","MIN Wed 7:30PM","","DAL Fri 7:30PM","",""
"Dinwiddie, Spencer","BKN","PG,G,Flx","79","turgi","58.97","91%","+90.5%","","","@CLE Wed 7:00PM","","@NO Fri 8:00PM","","GS Sun 5:00PM"
"Hield, Buddy","SAC","SG,G,Flx","80","argold","58.89","95%","+94.9%","","@DEN Tue 9:00PM","MEM Wed 10:00PM","","WAS Fri 10:00PM","",""
"Randle, Julius","NO","PF,F,C,Flx","81","TAP","58.83","100%","+99.8%","","LAC Tue 8:00PM","","","BKN Fri 8:00PM","UTA Sat 7:00PM",""
"Harrell, Montrezl","LAC","PF,F,C,Flx","82","MCB","58.62","77%","+77.3%","","@NO Tue 8:00PM","","","@HOU Fri 8:00PM","","WAS Sun 9:30PM"
"Gasol, Marc","MEM","C,Flx","83","argold","58.56","99%","+99.1%","@UTA Mon 9:00PM","","@SAC Wed 10:00PM","","","PHO Sat 8:00PM",""
"Burke, Trey","NY","PG,G,Flx","84","TheMacca","58.08","72%","+71.6%","@MIL Mon 8:00PM","","@MIA Wed 7:30PM","","GS Fri 7:30PM","",""
"Russell, D'Angelo","BKN","PG,SG,G,Flx","85","GFv","57.65","99%","+99.4%","","","@CLE Wed 7:00PM","","@NO Fri 8:00PM","","GS Sun 5:00PM"
"Crowder, Jae","UTA","SF,PF,F,Flx","86","BNEI","57.59","57%","+56.8%","MEM Mon 9:00PM","","@HOU Wed 8:00PM","","","@NO Sat 7:00PM","@DAL Sun 7:00PM"
"McCollum, CJ","POR","PG,SG,G,Flx","87","Giladsh","57.38","99%","+99%","WAS Mon 10:00PM","","","@ORL Thu 7:00PM","","@MIA Sat 8:00PM",""
"Powell, Dwight","DAL","PF,F,C,Flx","88","ZAYN","56.7","29%","+28.7%","CHI Mon 8:30PM","","@ATL Wed 7:00PM","","@TOR Fri 7:30PM","","UTA Sun 7:00PM"
"Portis, Bobby","CHI","PF,F,C,Flx","89","Giladsh","56.56","90%","+89.6%","@DAL Mon 8:30PM","","CHA Wed 8:00PM","","@CHA Fri 7:00PM","@ATL Sat 7:30PM",""
"Len, Alex","ATL","PF,F,C,Flx","90","Gabi_p","56.55","62%","+61.6%","","","DAL Wed 7:00PM","","","CHI Sat 7:30PM",""
"Drummond, Andre","DET","PF,F,C,Flx","91","Pumba","56.17","100%","+99.9%","","PHI Tue 7:00PM","","CLE Thu 7:00PM","","BOS Sat 7:00PM",""
"Tucker, P.J.","HOU","SF,F,C,Flx","92","TAP","55.86","53%","+52.7%","","","UTA Wed 8:00PM","","LAC Fri 8:00PM","",""
"Jackson, Reggie","DET","PG,SG,G,Flx","93","MCB","55.66","87%","+86.8%","","PHI Tue 7:00PM","","CLE Thu 7:00PM","","BOS Sat 7:00PM",""
"Williams, Marvin","CHA","SF,PF,F,Flx","94","ZAYN","55.66","44%","+44.4%","@TOR Mon 7:30PM","","@CHI Wed 8:00PM","","CHI Fri 7:00PM","@PHI Sat 7:30PM",""
"Bledsoe, Eric","MIL","PG,SG,G,Flx","95","TAP","54.89","100%","+99.8%","NY Mon 8:00PM","","PHI Wed 9:30PM","","@MIN Fri 8:00PM","ORL Sat 8:30PM",""
"Marjanovic, Boban","LAC","C,Flx","96","ZAYN","54.55","42%","+42.3%","","@NO Tue 8:00PM","","","@HOU Fri 8:00PM","","WAS Sun 9:30PM"
"Valanciunas, Jonas","TOR","C,Flx","97","Giladsh","54.38","97%","+97.2%","CHA Mon 7:30PM","","MIN Wed 7:30PM","","DAL Fri 7:30PM","",""
"Thompson, Klay","GS","SG,G,SF,F,Flx","98","GFv","54.07","100%","+99.8%","PHO Mon 10:30PM","","WAS Wed 10:30PM","","@NY Fri 7:30PM","","@BKN Sun 5:00PM"
"Hart, Josh","LAL","SG,G,SF,F,Flx","99","Pumba","54","79%","+79.3%","SA Mon 10:30PM","","@PHO Wed 10:00PM","DEN Thu 10:30PM","","@SA Sat 8:30PM",""
"Thompson, Tristan","CLE","PF,F,C,Flx","100","TheMacca","53.5","52%","+52.4%","","","BKN Wed 7:00PM","@DET Thu 7:00PM","","IND Sat 7:30PM",""
"Gibson, Taj","MIN","PF,F,C,Flx","101","argold","53.07","83%","+83.1%","IND Mon 8:00PM","","@TOR Wed 7:30PM","","MIL Fri 8:00PM","",""
"Holiday, Jrue","NO","PG,SG,G,Flx","102","TheMacca","53","98%","+97.6%","","LAC Tue 8:00PM","","","BKN Fri 8:00PM","UTA Sat 7:00PM",""
"Barton, Will","DEN","SG,G,SF,F,Flx","103","argold","52.99","99%","+99.3%","","SAC Tue 9:00PM","","@LAL Thu 10:30PM","","",""
"Rondo, Rajon","LAL","PG,G,Flx","104","TAP","52.32","84%","+83.6%","SA Mon 10:30PM","","@PHO Wed 10:00PM","DEN Thu 10:30PM","","@SA Sat 8:30PM",""
"Doncic, Luka","DAL","PG,G,SF,F,Flx","105","Pumba","52.19","100%","+99.7%","CHI Mon 8:30PM","","@ATL Wed 7:00PM","","@TOR Fri 7:30PM","","UTA Sun 7:00PM"
"Smith Jr., Dennis","DAL","PG,SG,G,Flx","106","MCB","52.1","100%","+99.8%","CHI Mon 8:30PM","","@ATL Wed 7:00PM","","@TOR Fri 7:30PM","","UTA Sun 7:00PM"
"Barea, J.J.","DAL","PG,SG,G,Flx","107","argold","51.75","43%","+42.6%","CHI Mon 8:30PM","","@ATL Wed 7:00PM","","@TOR Fri 7:30PM","","UTA Sun 7:00PM"
"Conley, Mike","MEM","PG,G,Flx","108","Gabi_p","51.72","97%","+96.7%","@UTA Mon 9:00PM","","@SAC Wed 10:00PM","","","PHO Sat 8:00PM",""
"Porter Jr., Otto","WAS","SF,PF,F,Flx","109","TheMacca","51.66","98%","+98.4%","@POR Mon 10:00PM","","@GS Wed 10:30PM","","@SAC Fri 10:00PM","","@LAC Sun 9:30PM"
"Green, Draymond","GS","PF,F,C,Flx","110","MCB","51.35","100%","+100%","PHO Mon 10:30PM","","WAS Wed 10:30PM","","@NY Fri 7:30PM","","@BKN Sun 5:00PM"
"Bogdanovic, Bojan","IND","SG,G,SF,F,Flx","111","GFv","51.17","62%","+61.7%","@MIN Mon 8:00PM","","@SA Wed 8:30PM","","","@CLE Sat 7:30PM",""
"Morris, Markieff","WAS","PF,F,C,Flx","112","MCB","51.02","63%","+63.1%","@POR Mon 10:00PM","","@GS Wed 10:30PM","","@SAC Fri 10:00PM","","@LAC Sun 9:30PM"
"Rozier, Terry","BOS","PG,SG,G,Flx","113","argold","50.36","83%","+82.6%","ORL Mon 7:30PM","","","@OKC Thu 8:00PM","","@DET Sat 7:00PM",""
"Nurkic, Jusuf","POR","C,Flx","114","turgi","50.03","99%","+99.4%","WAS Mon 10:00PM","","","@ORL Thu 7:00PM","","@MIA Sat 8:00PM",""
"Hayward, Gordon","BOS","SG,G,SF,F,Flx","115","TheMacca","49.29","96%","+96.2%","ORL Mon 7:30PM","","","@OKC Thu 8:00PM","","@DET Sat 7:00PM",""
"Ayton, Deandre","PHO","C,Flx","116","GFv","49.16","100%","+99.7%","@GS Mon 10:30PM","","LAL Wed 10:00PM","","","@MEM Sat 8:00PM","@OKC Sun 7:00PM"
"Sabonis, Domantas","IND","PF,F,C,Flx","117","Pumba","49.09","93%","+93.1%","@MIN Mon 8:00PM","","@SA Wed 8:30PM","","","@CLE Sat 7:30PM",""
"Ariza, Trevor","PHO","SG,G,SF,F,Flx","118","GFv","49.04","91%","+91.2%","@GS Mon 10:30PM","","LAL Wed 10:00PM","","","@MEM Sat 8:00PM","@OKC Sun 7:00PM"
"Fultz, Markelle","PHI","PG,SG,G,Flx","119","MCB","48.87","97%","+96.7%","","@DET Tue 7:00PM","@MIL Wed 9:30PM","","","CHA Sat 7:30PM",""
"Brown, Jaylen","BOS","SG,G,SF,F,Flx","120","Giladsh","48.84","97%","+97.4%","ORL Mon 7:30PM","","","@OKC Thu 8:00PM","","@DET Sat 7:00PM",""
"Warren, T.J.","PHO","SF,F,Flx","121","argold","48.16","88%","+88.3%","@GS Mon 10:30PM","","LAL Wed 10:00PM","","","@MEM Sat 8:00PM","@OKC Sun 7:00PM"
"Payton, Elfrid","NO","PG,G,Flx","122","turgi","48.15","96%","+96.3%","","LAC Tue 8:00PM","","","BKN Fri 8:00PM","UTA Sat 7:00PM",""
"Ingram, Brandon","LAL","SG,G,SF,F,Flx","123","ZAYN","47.65","100%","+99.6%","SA Mon 10:30PM","","@PHO Wed 10:00PM","DEN Thu 10:30PM","","@SA Sat 8:30PM",""
"Gilgeous-Alexander, Shai","LAC","PG,G,Flx","124","Giladsh","47.32","62%","+61.8%","","@NO Tue 8:00PM","","","@HOU Fri 8:00PM","","WAS Sun 9:30PM"
"Bamba, Mohamed","ORL","C,Flx","125","TAP","47.05","92%","+91.9%","@BOS Mon 7:30PM","","","POR Thu 7:00PM","","@MIL Sat 8:30PM",""
"Kuzma, Kyle","LAL","SF,PF,F,Flx","126","MCB","46.85","99%","+99.2%","SA Mon 10:30PM","","@PHO Wed 10:00PM","DEN Thu 10:30PM","","@SA Sat 8:30PM",""
"Anthony, Carmelo","HOU","SF,PF,F,Flx","127","Pumba","46.79","96%","+95.9%","","","UTA Wed 8:00PM","","LAC Fri 8:00PM","",""
"Westbrook, Russell","OKC","PG,G,Flx","128","Pumba","46.74","100%","+99.8%","","","","BOS Thu 8:00PM","","","PHO Sun 7:00PM"
"Moore, E'Twaun","NO","SG,G,SF,F,Flx","129","TAP","46.39","54%","+54.4%","","LAC Tue 8:00PM","","","BKN Fri 8:00PM","UTA Sat 7:00PM",""
"Young, Thaddeus","IND","SF,PF,F,Flx","130","argold","46.14","91%","+91.3%","@MIN Mon 8:00PM","","@SA Wed 8:30PM","","","@CLE Sat 7:30PM",""
"Brogdon, Malcolm","MIL","PG,SG,G,Flx","131","ZAYN","45.63","86%","+86.2%","NY Mon 8:00PM","","PHI Wed 9:30PM","","@MIN Fri 8:00PM","ORL Sat 8:30PM",""
"Knox, Kevin","NY","SF,PF,F,Flx","132","turgi","45.26","93%","+93.5%","@MIL Mon 8:00PM","","@MIA Wed 7:30PM","","GS Fri 7:30PM","",""
"Parker, Jabari","CHI","SF,PF,F,Flx","133","ynwa","45.17","97%","+97%","@DAL Mon 8:30PM","","CHA Wed 8:00PM","","@CHA Fri 7:00PM","@ATL Sat 7:30PM",""
"Collins, Zach","POR","PF,F,C,Flx","134","ZAYN","44.75","34%","+34.4%","WAS Mon 10:00PM","","","@ORL Thu 7:00PM","","@MIA Sat 8:00PM",""
"Gay, Rudy","SA","SF,PF,F,Flx","135","Pumba","44.67","88%","+88.5%","@LAL Mon 10:30PM","","IND Wed 8:30PM","","","LAL Sat 8:30PM",""
"Lopez, Brook","MIL","C,Flx","136","GFv","44.43","94%","+94.1%","NY Mon 8:00PM","","PHI Wed 9:30PM","","@MIN Fri 8:00PM","ORL Sat 8:30PM",""
"Favors, Derrick","UTA","PF,F,C,Flx","137","GFv","43.25","91%","+91.1%","MEM Mon 9:00PM","","@HOU Wed 8:00PM","","","@NO Sat 7:00PM","@DAL Sun 7:00PM"
"Ball, Lonzo","LAL","PG,G,Flx","138","Pumba","42.47","99%","+99.1%","SA Mon 10:30PM","","@PHO Wed 10:00PM","DEN Thu 10:30PM","","@SA Sat 8:30PM",""
"Isaac, Jonathan","ORL","PF,F,Flx","139","ynwa","41.64","89%","+89%","@BOS Mon 7:30PM","","","POR Thu 7:00PM","","@MIL Sat 8:30PM",""
"Aminu, Al-Farouq","POR","SF,PF,F,Flx","140","ynwa","41.37","75%","+74.9%","WAS Mon 10:00PM","","","@ORL Thu 7:00PM","","@MIA Sat 8:00PM",""
"Collison, Darren","IND","PG,SG,G,Flx","141","argold","41.1","82%","+82.5%","@MIN Mon 8:00PM","","@SA Wed 8:30PM","","","@CLE Sat 7:30PM",""
"Gasol, Pau","SA","PF,F,C,Flx","142","turgi","40.26","73%","+72.8%","@LAL Mon 10:30PM","","IND Wed 8:30PM","","","LAL Sat 8:30PM",""
"Harkless, Moe","POR","SF,F,Flx","143","ynwa","39.3","32%","+32.1%","WAS Mon 10:00PM","","","@ORL Thu 7:00PM","","@MIA Sat 8:00PM",""
"Oubre Jr., Kelly","WAS","SF,F,Flx","144","TAP","38.3","63%","+62.9%","@POR Mon 10:00PM","","@GS Wed 10:30PM","","@SAC Fri 10:00PM","","@LAC Sun 9:30PM"
"Hezonja, Mario","NY","SG,G,SF,F,Flx","145","ynwa","38.1","82%","+82%","@MIL Mon 8:00PM","","@MIA Wed 7:30PM","","GS Fri 7:30PM","",""
"Jackson, Josh","PHO","SG,G,SF,F,Flx","146","BNEI","37.53","91%","+90.7%","@GS Mon 10:30PM","","LAL Wed 10:00PM","","","@MEM Sat 8:00PM","@OKC Sun 7:00PM"
"Carter Jr., Wendell","CHI","C,Flx","147","ynwa","36.17","96%","+95.9%","@DAL Mon 8:30PM","","CHA Wed 8:00PM","","@CHA Fri 7:00PM","@ATL Sat 7:30PM",""
"Rubio, Ricky","UTA","PG,G,Flx","148","BNEI","36.01","99%","+98.9%","MEM Mon 9:00PM","","@HOU Wed 8:00PM","","","@NO Sat 7:00PM","@DAL Sun 7:00PM"
"Mills, Patty","SA","PG,G,Flx","149","TAP","34.12","39%","+39.3%","@LAL Mon 10:30PM","","IND Wed 8:30PM","","","LAL Sat 8:30PM",""
"Anderson, Kyle","MEM","SG,G,SF,F,Flx","150","Gabi_p","32.51","94%","+93.7%","@UTA Mon 9:00PM","","@SAC Wed 10:00PM","","","PHO Sat 8:00PM",""
"Nance Jr., Larry","CLE","PF,F,C,Flx","151","GFv","29.62","92%","+92%","","","BKN Wed 7:00PM","@DET Thu 7:00PM","","IND Sat 7:30PM",""
"Bell, Jordan","GS","PF,F,C,Flx","152","Pumba","24.89","79%","+79%","PHO Mon 10:30PM","","WAS Wed 10:30PM","","@NY Fri 7:30PM","","@BKN Sun 5:00PM"
"Barnes, Harrison","DAL","SF,PF,F,Flx","153","TheMacca","0","95%","+95.4%","CHI Mon 8:30PM","","@ATL Wed 7:00PM","","@TOR Fri 7:30PM","","UTA Sun 7:00PM"
"Bogdanovic, Bogdan","SAC","SG,G,SF,F,Flx","154","Gabi_p","0","81%","+80.7%","","@DEN Tue 9:00PM","MEM Wed 10:00PM","","WAS Fri 10:00PM","",""
"Collins, John","ATL","PF,F,C,Flx","155","ZAYN","0","99%","+98.9%","","","DAL Wed 7:00PM","","","CHI Sat 7:30PM",""
"Cousins, DeMarcus","GS","PF,F,C,Flx","156","ZAYN","0","99%","+99%","PHO Mon 10:30PM","","WAS Wed 10:30PM","","@NY Fri 7:30PM","","@BKN Sun 5:00PM"
"Dunn, Kris","CHI","PG,SG,G,Flx","157","ynwa","0","98%","+98.4%","@DAL Mon 8:30PM","","CHA Wed 8:00PM","","@CHA Fri 7:00PM","@ATL Sat 7:30PM",""
"Hollis-Jefferson, Rondae","BKN","SF,PF,F,Flx","158","turgi","0","96%","+95.7%","","","@CLE Wed 7:00PM","","@NO Fri 8:00PM","","GS Sun 5:00PM"
"Howard, Dwight","WAS","PF,F,C,Flx","159","TheMacca","0","100%","+99.7%","@POR Mon 10:00PM","","@GS Wed 10:30PM","","@SAC Fri 10:00PM","","@LAC Sun 9:30PM"
"Markkanen, Lauri","CHI","PF,F,Flx","160","TheMacca","0","98%","+98%","@DAL Mon 8:30PM","","CHA Wed 8:00PM","","@CHA Fri 7:00PM","@ATL Sat 7:30PM",""
"Porzingis, Kristaps","NY","PF,F,C,Flx","161","TAP","0","96%","+95.6%","@MIL Mon 8:00PM","","@MIA Wed 7:30PM","","GS Fri 7:30PM","",""