"Player","Team","Position","Rk","Status","Opponent","Score","% Owned","+/-","GP","MIN","FGM","FGA","FG%","FTM","FTA","FT%","3PTM","REB","AST","ST","BLK","TO","PTS"
"Harden, James","HOU","PG,SG,G,Flx","1","ynwa","","100","100%","+99.9%","76","37.1","8.5","19.1",".443","8.4","9.8",".857","3.5","5.3","8.7","1.8","0.6","4.2","28.8"
"James, LeBron","LAL","SF,PF,F,Flx","2","turgi","SA Mon 10:30PM","98.64","100%","+99.8%","74","35.3","9.7","17.8",".545","4.9","6.9",".720","1.6","8.8","6.2","1.4","0.8","3.4","26.0"
"Towns, Karl-Anthony","MIN","C,Flx","3","ZAYN","IND Mon 8:00PM","97.63","100%","+100%","78","37.5","8.6","15.6",".548","4.9","5.7",".868","1.6","13.0","2.6","0.8","1.4","2.1","23.7"
"George, Paul","OKC","SG,G,SF,F,Flx","4","MCB","","97.4","100%","+99.7%","80","35.7","7.5","17.0",".445","4.6","5.4",".861","3.1","5.7","3.1","1.9","0.5","2.5","22.8"
"Jokic, Nikola","DEN","PF,F,C,Flx","5","Gabi_p","","97.11","100%","+100%","78","32.3","6.4","13.0",".494","3.5","4.1",".839","1.4","10.4","5.8","1.1","0.8","2.7","17.7"
"Leonard, Kawhi","TOR","SG,G,SF,F,Flx","6","BNEI","CHA Mon 7:30PM","96.58","100%","+99.7%","66","31.4","7.9","16.3",".485","5.3","6.3",".850","2.2","5.9","3.4","1.8","0.7","2.0","23.3"
"Durant, Kevin","GS","SF,PF,F,Flx","7","Giladsh","PHO Mon 10:30PM","95.74","100%","+99.9%","72","33.6","8.2","16.2",".510","4.8","5.4",".888","2.2","6.3","4.7","0.7","1.5","2.7","23.4"
"Oladipo, Victor","IND","PG,SG,G,Flx","8","GFv","@MIN Mon 8:00PM","95.1","100%","+99.9%","76","33.7","7.8","16.8",".462","3.5","4.4",".794","2.0","5.1","4.0","1.9","0.5","2.8","21.0"
"Antetokounmpo, Giannis","MIL","SF,PF,F,Flx","9","TAP","NY Mon 8:00PM","95.03","100%","+99.9%","79","33.5","8.6","15.9",".542","5.7","7.5",".757","0.6","9.6","4.4","1.3","1.3","2.6","23.6"
"Davis, Anthony","NO","PF,F,C,Flx","10","TheMacca","","94.29","100%","+99.9%","71","35.4","10.4","19.3",".538","6.6","8.1",".814","0.7","10.8","2.1","1.5","2.5","2.2","28.1"
"Westbrook, Russell","OKC","PG,G,Flx","11","Pumba","","94.12","100%","+99.8%","81","34.3","8.7","19.5",".445","5.7","7.1",".808","1.3","8.9","8.9","1.7","0.2","4.2","24.4"
"Lillard, Damian","POR","PG,G,Flx","12","GFv","WAS Mon 10:00PM","93.07","100%","+99.9%","78","35.7","8.0","18.5",".433","6.5","7.1",".904","3.1","4.2","6.3","1.0","0.3","2.7","25.6"
"Walker, Kemba","CHA","PG,G,Flx","13","TAP","@TOR Mon 7:30PM","93","100%","+99.9%","80","32.6","7.2","16.7",".427","4.2","4.9",".850","3.0","3.7","5.2","1.2","0.3","2.2","21.5"
"Gasol, Marc","MEM","C,Flx","14","argold","@UTA Mon 9:00PM","92.81","99%","+99.1%","73","31.9","6.2","13.8",".450","3.5","4.2",".833","1.7","6.7","3.8","0.7","1.3","2.1","17.7"
"Butler, Jimmy","MIN","SG,G,SF,F,Flx","15","argold","IND Mon 8:00PM","92.67","100%","+99.9%","71","36.1","7.3","15.8",".460","6.3","7.4",".853","1.3","5.2","4.8","1.9","0.4","1.9","22.1"
"Harris, Tobias","LAC","SF,PF,F,Flx","16","argold","","92.61","100%","+100%","78","32.7","6.9","15.0",".460","2.3","2.8",".826","1.9","6.6","2.4","0.9","0.5","1.5","18.0"
"Wall, John","WAS","PG,G,Flx","17","turgi","@POR Mon 10:00PM","91.88","100%","+99.8%","72","36.5","7.4","17.1",".433","4.7","5.9",".795","1.4","3.9","10.3","1.8","0.7","4.1","20.9"
"Mitchell, Donovan","UTA","PG,SG,G,Flx","18","TAP","MEM Mon 9:00PM","91.75","100%","+100%","73","36.4","8.4","19.6",".430","3.5","4.3",".813","2.9","4.1","4.3","1.7","0.3","2.9","23.3"
"Gordon, Aaron","ORL","SF,PF,F,Flx","19","Giladsh","@BOS Mon 7:30PM","91.14","99%","+99.4%","70","31.5","6.7","14.8",".450","2.9","4.1",".701","2.0","7.4","2.2","0.9","0.7","1.7","18.2"
"Hayward, Gordon","BOS","SG,G,SF,F,Flx","20","TheMacca","ORL Mon 7:30PM","90.82","96%","+96.2%","76","31.6","6.3","13.7",".458","4.2","5.0",".824","2.0","5.2","3.3","1.1","0.4","2.2","18.7"
"Curry, Stephen","GS","PG,SG,G,Flx","21","argold","PHO Mon 10:30PM","90.82","100%","+99.6%","74","31.9","7.9","16.3",".482","4.5","5.0",".904","4.2","4.4","5.8","1.6","0.2","2.9","24.5"
"McCollum, CJ","POR","PG,SG,G,Flx","22","Giladsh","WAS Mon 10:00PM","90.73","99%","+99%","80","34.9","7.9","17.5",".447","2.6","3.0",".858","2.4","3.7","3.1","0.9","0.4","1.8","20.7"
"Porter Jr., Otto","WAS","SF,PF,F,Flx","23","TheMacca","@POR Mon 10:00PM","90.71","98%","+98.4%","78","31.0","5.2","10.4",".500","1.3","1.5",".830","1.8","5.8","1.6","1.5","0.5","0.9","13.6"
"Wiggins, Andrew","MIN","SG,G,SF,F,Flx","24","BNEI","IND Mon 8:00PM","90.06","98%","+97.6%","78","37.1","6.9","15.8",".435","2.7","3.7",".726","1.6","4.3","2.0","1.1","0.6","1.7","18.0"
"Beal, Bradley","WAS","SG,G,Flx","25","Gabi_p","@POR Mon 10:00PM","89.64","97%","+97.4%","72","36.5","8.0","17.4",".460","3.1","3.9",".797","2.7","3.9","4.0","1.2","0.3","2.3","21.8"
"Love, Kevin","CLE","PF,F,C,Flx","26","ynwa","","89.63","100%","+99.8%","62","34.3","7.4","17.1",".433","6.3","7.2",".875","2.3","11.7","2.3","0.9","0.5","2.2","23.4"
"Embiid, Joel","PHI","PF,F,C,Flx","27","MCB","","89.46","100%","+99.9%","61","32.2","8.2","16.8",".487","6.2","8.1",".776","1.4","11.2","3.1","0.8","1.9","3.7","24.0"
"Barton, Will","DEN","SG,G,SF,F,Flx","28","argold","","89.37","99%","+99.3%","74","33.3","5.5","12.3",".442","2.4","3.0",".793","1.8","5.1","3.8","1.0","0.6","1.8","15.1"
"Middleton, Khris","MIL","SG,G,SF,F,Flx","29","ZAYN","NY Mon 8:00PM","89.22","98%","+98.3%","76","34.1","6.4","14.2",".450","3.5","4.0",".885","1.9","4.9","3.7","1.4","0.2","2.1","18.2"
"Millsap, Paul","DEN","PF,F,C,Flx","30","argold","","89.07","94%","+94.5%","72","31.6","5.2","11.5",".450","3.1","4.2",".751","1.1","6.9","2.7","1.0","1.1","2.0","14.6"
"Batum, Nicolas","CHA","SG,G,SF,F,Flx","31","Pumba","@TOR Mon 7:30PM","88.79","96%","+96.4%","76","32.3","4.9","11.5",".423","2.4","2.8",".844","1.7","5.5","5.5","1.1","0.5","2.3","13.8"
"Green, Draymond","GS","PF,F,C,Flx","32","MCB","PHO Mon 10:30PM","88.48","100%","+100%","74","34.1","4.0","9.0",".442","2.0","2.7",".758","1.2","7.5","6.8","1.5","1.3","2.7","11.2"
"Holiday, Jrue","NO","PG,SG,G,Flx","33","TheMacca","","87.92","98%","+97.6%","67","36.4","7.3","15.6",".465","2.5","3.2",".786","1.5","4.3","5.9","1.6","0.7","2.7","18.6"
"Booker, Devin","PHO","PG,SG,G,Flx","34","TheMacca","@GS Mon 10:30PM","87.28","100%","+100%","71","35.2","8.1","18.6",".435","5.1","5.9",".866","2.8","4.0","4.9","0.9","0.3","3.7","24.0"
"Mirotic, Nikola","NO","SF,PF,F,Flx","35","argold","","87.23","99%","+99.2%","71","27.4","4.9","11.4",".427","1.9","2.3",".805","2.2","6.9","1.4","0.8","0.8","1.1","13.8"
"Tatum, Jayson","BOS","SF,PF,F,Flx","36","TAP","ORL Mon 7:30PM","87.03","100%","+100%","77","29.0","4.9","10.6",".462","2.9","3.4",".838","1.3","5.3","1.5","1.0","0.8","1.4","14.0"
"Lowry, Kyle","TOR","PG,G,Flx","37","Gabi_p","CHA Mon 7:30PM","86.86","99%","+98.6%","74","30.9","5.4","12.4",".435","3.6","4.4",".820","2.7","4.1","6.3","1.1","0.2","2.3","17.0"
"Irving, Kyrie","BOS","PG,SG,G,Flx","38","BNEI","ORL Mon 7:30PM","86.14","100%","+100%","63","33.5","8.5","17.9",".478","3.9","4.4",".890","2.9","3.6","5.1","1.1","0.3","2.3","23.9"
"Prince, Taurean","ATL","SF,F,Flx","39","Gabi_p","","86.12","99%","+99.1%","73","32.1","5.1","12.3",".417","1.9","2.2",".854","2.3","4.8","2.5","1.2","0.6","2.2","14.4"
"Ingram, Brandon","LAL","SG,G,SF,F,Flx","40","ZAYN","SA Mon 10:30PM","85.47","100%","+99.6%","68","34.4","6.4","14.0",".455","3.1","4.4",".705","1.5","5.7","2.6","0.8","0.8","2.1","17.4"
"Murray, Jamal","DEN","PG,SG,G,Flx","41","ynwa","","85.38","100%","+99.7%","73","32.4","5.9","13.5",".440","2.9","3.2",".895","2.2","3.8","3.5","1.0","0.3","2.1","16.9"
"Paul, Chris","HOU","PG,G,Flx","42","Giladsh","","85.36","99%","+98.8%","67","30.5","5.8","12.8",".452","3.2","3.5",".904","2.4","4.8","7.2","1.5","0.1","2.1","17.2"
"LaVine, Zach","CHI","PG,SG,G,Flx","43","Pumba","@DAL Mon 8:30PM","85.29","99%","+98.6%","72","30.5","6.9","15.6",".440","3.6","4.3",".820","2.1","3.9","3.4","1.1","0.2","2.0","19.4"
"Simmons, Ben","PHI","PG,G,SF,F,Flx","44","Gabi_p","","85.22","99%","+99%","73","35.1","6.5","12.3",".530","3.0","4.9",".624","0.0","8.3","7.5","1.8","0.8","3.2","16.0"
"Aldridge, LaMarcus","SA","PF,F,C,Flx","45","ynwa","@LAL Mon 10:30PM","85.05","100%","+99.7%","76","32.3","7.7","15.6",".493","3.6","4.3",".835","0.4","7.4","1.9","0.5","1.0","1.4","19.4"
"Drummond, Andre","DET","PF,F,C,Flx","46","Pumba","","85.05","100%","+99.9%","80","33.5","6.0","11.1",".535","2.7","4.6",".580","0.0","15.7","1.7","1.4","1.7","2.2","14.6"
"DeRozan, DeMar","SA","SG,G,SF,F,Flx","47","turgi","@LAL Mon 10:30PM","84.95","99%","+99.4%","77","32.9","7.6","16.8",".452","5.6","6.8",".836","1.1","4.0","4.4","1.0","0.2","2.2","21.9"
"Thompson, Klay","GS","SG,G,SF,F,Flx","48","GFv","PHO Mon 10:30PM","84.72","100%","+99.8%","75","35.5","7.5","16.0",".470","1.3","1.5",".854","3.3","3.7","2.4","0.8","0.5","1.7","19.6"
"Griffin, Blake","DET","PF,F,C,Flx","49","turgi","","84.61","99%","+98.6%","64","34.1","7.4","16.5",".450","3.9","5.0",".781","1.9","7.0","5.8","0.6","0.3","2.7","20.7"
"Vucevic, Nikola","ORL","PF,F,C,Flx","50","ynwa","@BOS Mon 7:30PM","83.96","100%","+99.9%","63","29.2","6.7","14.4",".465","1.3","1.8",".761","1.1","9.2","3.0","0.9","1.1","1.8","15.8"
"Conley, Mike","MEM","PG,G,Flx","51","Gabi_p","@UTA Mon 9:00PM","83.07","97%","+96.7%","65","32.8","6.3","14.4",".435","4.6","5.5",".839","2.3","2.9","6.0","1.2","0.2","2.1","19.4"
"Doncic, Luka","DAL","PG,G,SF,F,Flx","52","Pumba","CHI Mon 8:30PM","82.75","100%","+99.7%","73","30.2","4.2","9.9",".423","2.8","3.4",".815","1.6","5.6","3.5","1.0","0.3","1.8","12.7"
"Collins, John","ATL","PF,F,C,Flx","53","ZAYN","","82.74","99%","+98.9%","77","28.7","5.2","9.6",".545","2.2","3.1",".724","0.6","8.0","1.5","0.7","1.1","1.7","13.3"
"Hardaway Jr., Tim","NY","SG,G,SF,F,Flx","54","Gabi_p","@MIL Mon 8:00PM","82.72","98%","+98.4%","72","32.3","6.6","15.3",".433","2.7","3.3",".809","2.5","3.5","2.5","1.0","0.2","1.6","18.4"
"Bledsoe, Eric","MIL","PG,SG,G,Flx","55","TAP","NY Mon 8:00PM","82.55","100%","+99.8%","63","31.4","5.8","12.8",".450","3.3","4.1",".807","1.6","4.2","4.9","1.6","0.5","2.8","16.4"
"Markkanen, Lauri","CHI","PF,F,Flx","56","TheMacca","@DAL Mon 8:30PM","82.36","98%","+98%","71","29.2","5.2","11.7",".439","2.1","2.4",".845","2.2","6.8","1.0","0.5","0.6","1.1","14.6"
"Barnes, Harrison","DAL","SF,PF,F,Flx","57","TheMacca","CHI Mon 8:30PM","82.27","95%","+95.4%","79","33.3","6.5","14.5",".447","2.7","3.3",".825","1.5","5.2","2.0","0.7","0.2","1.5","17.2"
"Turner, Myles","IND","PF,F,C,Flx","58","MCB","@MIN Mon 8:00PM","82.18","100%","+99.9%","72","28.6","4.9","10.1",".488","2.6","3.3",".784","1.0","6.5","1.4","0.6","1.9","1.5","13.4"
"Bazemore, Kent","ATL","SG,G,SF,F,Flx","59","turgi","","82.1","88%","+87.6%","72","29.4","4.3","10.6",".407","2.1","2.7",".776","1.6","3.9","2.9","1.4","0.7","2.2","12.4"
"Covington, Robert","PHI","SF,PF,F,Flx","60","MCB","","82","98%","+98.3%","67","32.5","4.1","10.2",".398","1.4","1.7",".823","2.5","5.4","1.9","1.7","0.9","1.7","12.0"
"Williams, Marvin","CHA","SF,PF,F,Flx","61","ZAYN","@TOR Mon 7:30PM","81.53","44%","+44.4%","79","26.7","3.4","7.9",".428","1.4","1.7",".836","1.6","5.5","1.3","0.8","0.5","0.8","9.8"
"Teague, Jeff","MIN","PG,G,Flx","62","ZAYN","IND Mon 8:00PM","81.06","98%","+98.4%","77","31.6","4.8","11.0",".432","2.8","3.2",".856","1.3","2.8","6.7","1.4","0.3","2.5","13.6"
"Smith Jr., Dennis","DAL","PG,SG,G,Flx","63","MCB","CHI Mon 8:30PM","81.05","100%","+99.8%","76","31.0","5.8","14.0",".416","2.1","2.9",".705","1.4","3.6","5.7","1.2","0.2","2.7","15.1"
"Anthony, Carmelo","HOU","SF,PF,F,Flx","64","Pumba","","80.72","96%","+95.9%","70","30.2","5.5","13.2",".417","2.0","2.4",".822","2.5","5.8","1.4","0.6","0.4","1.3","15.4"
"Horford, Al","BOS","PF,F,C,Flx","65","Pumba","ORL Mon 7:30PM","80.59","98%","+97.7%","75","30.7","4.4","9.2",".473","1.1","1.4",".785","1.1","6.7","4.6","0.5","1.2","1.8","10.9"
"Hollis-Jefferson, Rondae","BKN","SF,PF,F,Flx","66","turgi","","80.35","96%","+95.7%","70","28.6","4.6","10.0",".462","3.4","4.4",".768","0.3","6.8","2.5","1.1","0.7","1.9","12.9"
"Parker, Jabari","CHI","SF,PF,F,Flx","67","ynwa","@DAL Mon 8:30PM","80.26","97%","+97%","62","30.8","7.0","15.0",".467","2.3","3.0",".755","1.6","5.6","2.2","0.9","0.4","1.9","17.9"
"Lamb, Jeremy","CHA","SG,G,SF,F,Flx","68","Gabi_p","@TOR Mon 7:30PM","80.03","86%","+86.3%","73","23.7","4.6","10.1",".458","2.2","2.5",".858","1.1","4.4","2.0","0.7","0.4","1.0","12.5"
"Saric, Dario","PHI","PF,F,C,Flx","69","Giladsh","","79.94","99%","+99.1%","74","28.6","4.5","10.2",".440","2.1","2.6",".829","1.7","6.3","2.4","0.7","0.3","1.8","12.8"
"Evans, Tyreke","IND","PG,SG,G,Flx","70","Pumba","@MIN Mon 8:00PM","79.84","97%","+97.3%","66","27.9","5.4","12.3",".440","2.4","3.1",".769","1.6","4.9","3.9","1.2","0.3","2.1","14.8"
"Adams, Steven","OKC","C,Flx","71","BNEI","","79.82","98%","+98.2%","81","31.4","5.4","8.8",".613","2.1","3.7",".569","0.0","8.6","1.1","1.1","1.0","1.6","12.9"
"Fournier, Evan","ORL","SG,G,SF,F,Flx","72","Gabi_p","@BOS Mon 7:30PM","79.35","95%","+95.1%","70","31.9","6.4","14.5",".445","2.9","3.4",".836","2.3","3.0","2.8","0.9","0.2","1.7","18.0"
"Brown, Jaylen","BOS","SG,G,SF,F,Flx","73","Giladsh","ORL Mon 7:30PM","79.31","97%","+97.4%","73","30.6","5.0","10.9",".463","2.0","3.1",".662","1.6","4.7","1.5","1.0","0.3","1.6","13.7"
"Williams, Lou","LAC","PG,SG,G,Flx","74","MCB","","79.25","100%","+99.9%","70","29.3","6.3","14.4",".437","4.8","5.6",".864","1.7","2.4","4.3","1.0","0.2","2.4","19.2"
"Harris, Gary","DEN","SG,G,SF,F,Flx","75","BNEI","","79.22","96%","+95.8%","69","33.6","5.9","12.5",".470","2.0","2.4",".814","2.3","2.7","2.7","1.6","0.2","1.6","16.0"
"Dunn, Kris","CHI","PG,SG,G,Flx","76","ynwa","@DAL Mon 8:30PM","79.01","98%","+98.4%","74","29.6","4.7","11.3",".415","1.5","2.1",".725","0.9","4.0","5.5","1.9","0.5","2.6","11.9"
"Rubio, Ricky","UTA","PG,G,Flx","77","BNEI","MEM Mon 9:00PM","78.57","99%","+98.9%","76","28.4","4.3","10.5",".410","3.1","3.6",".866","1.2","4.5","5.1","1.6","0.1","2.5","12.9"
"Young, Trae","ATL","PG,G,Flx","78","ynwa","","78.56","99%","+98.6%","73","30.6","5.1","13.1",".387","3.0","3.7",".824","2.4","2.6","6.3","1.1","0.1","3.5","15.6"
"Richardson, Josh","MIA","PG,SG,G,Flx","79","ZAYN","","78.53","99%","+98.6%","65","34.2","4.7","10.8",".435","1.4","1.7",".825","1.7","3.5","2.8","1.4","0.9","1.6","12.5"
"Young, Thaddeus","IND","SF,PF,F,Flx","80","argold","@MIN Mon 8:00PM","78.5","91%","+91.3%","74","32.0","5.3","11.0",".482","0.7","1.2",".602","0.8","6.4","1.8","1.6","0.4","1.4","12.1"
"Ingles, Joe","UTA","SG,G,SF,F,Flx","81","turgi","MEM Mon 9:00PM","78.42","99%","+98.9%","76","32.6","4.3","9.4",".460","0.8","1.1",".760","2.7","4.4","4.8","1.3","0.2","2.0","12.2"
"Kuzma, Kyle","LAL","SF,PF,F,Flx","82","MCB","SA Mon 10:30PM","78.37","99%","+99.2%","77","26.7","5.1","11.4",".446","1.6","2.3",".705","1.8","5.4","1.4","0.5","0.4","1.5","13.6"
"Lopez, Brook","MIL","C,Flx","83","GFv","NY Mon 8:00PM","78.36","94%","+94.1%","71","25.5","4.7","10.5",".452","1.7","2.2",".758","1.6","4.5","1.7","0.4","1.4","1.4","12.7"
"Russell, D'Angelo","BKN","PG,SG,G,Flx","84","GFv","","78.31","99%","+99.4%","69","26.4","5.7","13.7",".415","2.0","2.7",".751","2.0","3.8","5.3","0.9","0.3","2.9","15.4"
"Crowder, Jae","UTA","SF,PF,F,Flx","85","BNEI","MEM Mon 9:00PM","78.1","57%","+56.8%","80","26.7","4.0","9.3",".424","1.6","2.0",".817","1.7","3.6","1.4","0.9","0.3","1.0","11.3"
"Anderson, Kyle","MEM","SG,G,SF,F,Flx","86","Gabi_p","@UTA Mon 9:00PM","78.08","94%","+93.7%","76","28.7","3.6","7.6",".475","1.6","2.2",".738","0.5","5.9","2.7","1.4","0.7","1.5","9.4"
"Capela, Clint","HOU","PF,F,C,Flx","87","BNEI","","78.08","100%","+99.8%","72","29.6","6.0","9.4",".645","2.0","3.8",".530","0.0","11.4","1.1","0.8","2.0","1.4","14.1"
"Hield, Buddy","SAC","SG,G,Flx","88","argold","","78.04","95%","+94.9%","78","26.7","5.1","11.7",".435","0.9","1.1",".866","2.3","3.8","1.9","1.1","0.2","1.5","13.4"
"Randle, Julius","NO","PF,F,C,Flx","89","TAP","","77.83","100%","+99.8%","75","28.9","5.7","10.9",".525","3.3","4.6",".723","0.2","8.2","2.8","0.6","0.5","2.6","14.9"
"Jordan, DeAndre","DAL","C,Flx","90","TAP","CHI Mon 8:30PM","77.8","99%","+99.2%","77","33.2","5.3","8.0",".662","2.5","4.7",".525","0.0","14.2","1.6","0.6","1.4","1.7","13.1"
"Ariza, Trevor","PHO","SG,G,SF,F,Flx","91","GFv","@GS Mon 10:30PM","77.72","91%","+91.2%","74","32.7","4.0","9.6",".416","1.3","1.6",".796","2.1","5.1","1.9","1.2","0.2","1.2","11.3"
"Gobert, Rudy","UTA","C,Flx","92","Giladsh","MEM Mon 9:00PM","77.63","100%","+99.6%","67","34.2","5.2","8.3",".632","3.9","5.9",".671","0.0","11.5","1.5","0.8","2.5","1.9","14.4"
"Jackson, Josh","PHO","SG,G,SF,F,Flx","93","BNEI","@GS Mon 10:30PM","77.62","91%","+90.7%","75","26.2","5.2","12.4",".417","2.4","3.7",".633","0.8","4.7","1.6","1.1","0.5","1.9","13.5"
"Dragic, Goran","MIA","PG,SG,G,Flx","94","MCB","","77.4","98%","+98.2%","77","31.4","6.0","13.5",".448","2.5","3.1",".783","1.3","3.6","4.5","0.7","0.1","2.1","15.8"
"Aminu, Al-Farouq","POR","SF,PF,F,Flx","95","ynwa","WAS Mon 10:00PM","77.08","75%","+74.9%","70","31.1","3.3","8.5",".393","0.9","1.2",".729","1.7","7.7","1.5","1.2","0.6","1.2","9.3"
"Howard, Dwight","WAS","PF,F,C,Flx","96","TheMacca","@POR Mon 10:00PM","77.08","100%","+99.7%","73","30.2","5.4","9.4",".576","3.5","6.6",".535","0.0","12.1","1.3","0.8","1.5","2.5","14.4"
"Nurkic, Jusuf","POR","C,Flx","97","turgi","WAS Mon 10:00PM","76.97","99%","+99.4%","67","28.2","6.2","12.6",".490","2.3","3.7",".612","0.0","9.3","1.9","0.9","1.5","2.5","14.6"
"Dinwiddie, Spencer","BKN","PG,G,Flx","98","turgi","","76.65","91%","+90.5%","70","28.0","3.6","9.6",".380","2.4","3.0",".819","1.7","3.1","5.9","0.9","0.3","1.4","11.4"
"Oubre Jr., Kelly","WAS","SF,F,Flx","99","TAP","@POR Mon 10:00PM","76.58","63%","+62.9%","74","27.5","3.8","9.1",".416","2.0","2.4",".811","1.7","4.2","1.1","1.0","0.4","1.1","11.2"
"Cauley-Stein, Willie","SAC","PF,F,C,Flx","100","TheMacca","","75.96","97%","+96.6%","69","27.6","4.9","9.7",".512","1.9","3.0",".639","0.0","6.4","1.6","1.1","0.9","1.4","11.9"
"Gay, Rudy","SA","SF,PF,F,Flx","101","Pumba","@LAL Mon 10:30PM","75.54","88%","+88.5%","67","26.1","5.0","10.7",".468","2.4","3.0",".814","0.9","5.4","1.5","0.9","0.6","1.6","13.3"
"Fultz, Markelle","PHI","PG,SG,G,Flx","102","MCB","","75.45","97%","+96.7%","70","24.1","4.6","10.7",".425","1.4","2.2",".652","1.1","3.4","4.6","1.0","0.4","1.5","11.7"
"LeVert, Caris","BKN","PG,G,SF,F,Flx","103","Giladsh","","74.86","95%","+95.1%","73","24.8","4.4","10.1",".434","1.8","2.6",".711","1.2","3.6","4.1","1.1","0.3","2.1","11.7"
"Ibaka, Serge","TOR","PF,F,C,Flx","104","TheMacca","CHA Mon 7:30PM","74.78","95%","+94.8%","79","25.7","4.6","9.6",".481","1.3","1.6",".806","1.2","6.0","0.7","0.4","1.4","1.1","11.7"
"Favors, Derrick","UTA","PF,F,C,Flx","105","GFv","MEM Mon 9:00PM","74.78","91%","+91.1%","75","26.1","4.5","8.4",".535","1.6","2.3",".664","0.2","6.4","1.2","0.7","0.9","1.1","10.8"
"Gallinari, Danilo","LAC","SF,PF,F,Flx","106","Gabi_p","","74.38","94%","+93.8%","54","33.0","5.3","12.9",".412","4.7","5.3",".894","2.0","5.0","2.0","0.6","0.4","1.3","17.4"
"Gibson, Taj","MIN","PF,F,C,Flx","107","argold","IND Mon 8:00PM","74.29","83%","+83.1%","75","33.7","4.9","9.1",".535","1.7","2.3",".733","0.1","6.9","1.2","0.7","0.6","1.1","11.6"
"Warren, T.J.","PHO","SF,F,Flx","108","argold","@GS Mon 10:30PM","74.17","88%","+88.3%","63","29.4","7.2","14.0",".512","2.7","3.6",".754","0.2","4.6","1.1","1.0","0.6","1.1","17.2"
"Kanter, Enes","NY","C,Flx","109","turgi","@MIL Mon 8:00PM","74.01","99%","+99.1%","73","27.5","6.2","11.0",".568","2.5","3.1",".816","0.0","11.8","1.6","0.5","0.5","1.8","15.0"
"Gordon, Eric","HOU","SG,G,Flx","110","GFv","","73.9","94%","+94%","65","31.7","5.6","13.3",".420","2.4","2.9",".813","3.2","2.4","2.1","0.7","0.4","1.8","16.8"
"Ayton, Deandre","PHO","C,Flx","111","GFv","@GS Mon 10:30PM","73.83","100%","+99.7%","73","31.2","5.6","10.6",".533","2.6","3.5",".740","0.1","9.5","0.9","0.6","1.3","2.0","14.0"
"Fox, De'Aaron","SAC","PG,G,Flx","112","Giladsh","","73.78","98%","+98.2%","74","29.4","5.1","12.1",".422","2.7","3.7",".736","0.8","2.8","5.1","1.1","0.2","2.6","13.7"
"Bagley III, Marvin","SAC","PF,F,Flx","113","GFv","","73.18","97%","+97.3%","76","27.1","5.3","11.2",".474","2.4","3.7",".635","0.5","7.6","1.1","0.6","0.6","2.2","13.4"
"Hezonja, Mario","NY","SG,G,SF,F,Flx","114","ynwa","@MIL Mon 8:00PM","72.77","82%","+82%","73","25.1","3.9","9.1",".431","1.3","1.6",".810","1.4","4.1","1.7","1.0","0.4","1.4","10.5"
"Bogdanovic, Bogdan","SAC","SG,G,SF,F,Flx","115","Gabi_p","","72.59","81%","+80.7%","69","30.1","4.9","11.3",".431","1.6","1.9",".839","1.9","2.8","3.3","0.9","0.2","1.6","13.3"
"Redick, JJ","PHI","SG,G,Flx","116","BNEI","","72.59","93%","+92.8%","70","30.2","5.6","12.3",".452","2.7","3.0",".897","2.8","2.5","2.8","0.5","0.1","1.4","16.6"
"Payton, Elfrid","NO","PG,G,Flx","117","turgi","","72.22","96%","+96.3%","74","27.5","4.3","9.1",".470","1.4","2.2",".645","0.5","4.1","6.2","1.3","0.4","2.3","10.4"
"Valanciunas, Jonas","TOR","C,Flx","118","Giladsh","CHA Mon 7:30PM","72.01","97%","+97.2%","75","22.4","5.1","9.0",".563","2.4","3.1",".795","0.2","8.1","1.0","0.4","0.9","1.4","12.8"
"Jackson Jr., Jaren","MEM","PF,F,Flx","119","BNEI","@UTA Mon 9:00PM","72","96%","+96.3%","72","24.5","3.3","7.4",".447","1.9","2.4",".774","1.0","5.5","1.1","0.5","1.5","1.3","9.5"
"Nance Jr., Larry","CLE","PF,F,C,Flx","120","GFv","","71.73","92%","+92%","67","23.1","3.8","6.8",".564","1.5","2.2",".695","0.1","6.8","1.3","1.3","0.6","0.9","9.3"
"VanVleet, Fred","TOR","PG,G,Flx","121","TheMacca","CHA Mon 7:30PM","71.24","55%","+54.8%","77","20.8","3.1","7.5",".411","1.2","1.4",".836","1.4","2.5","3.4","0.9","0.3","1.0","8.9"
"Schroder, Dennis","OKC","PG,G,Flx","122","BNEI","","71.2","95%","+95.3%","73","27.5","5.3","11.9",".445","2.0","2.4",".840","1.1","2.9","4.0","1.0","0.1","2.0","13.7"
"Brogdon, Malcolm","MIL","PG,SG,G,Flx","123","ZAYN","NY Mon 8:00PM","71.13","86%","+86.2%","70","28.6","4.5","9.6",".470","1.5","1.7",".883","1.3","3.1","2.9","0.9","0.2","1.3","11.8"
"Whiteside, Hassan","MIA","C,Flx","124","GFv","","70.83","99%","+98.6%","67","23.8","5.3","9.7",".546","2.0","3.0",".668","0.0","11.1","1.1","0.6","1.6","1.5","12.5"
"Carter Jr., Wendell","CHI","C,Flx","125","ynwa","@DAL Mon 8:30PM","70.79","96%","+95.9%","66","22.1","3.5","6.9",".502","2.7","3.6",".755","0.3","7.2","1.6","0.6","1.7","1.9","10.0"
"Collison, Darren","IND","PG,SG,G,Flx","126","argold","@MIN Mon 8:00PM","70.65","82%","+82.5%","67","29.4","4.5","9.4",".475","1.7","2.0",".871","1.3","2.6","4.6","1.2","0.2","1.3","12.0"
"Jackson, Reggie","DET","PG,SG,G,Flx","127","MCB","","70.58","87%","+86.8%","64","32.2","6.0","14.3",".420","2.7","3.1",".861","1.6","3.4","5.5","0.7","0.1","2.5","16.3"
"Cousins, DeMarcus","GS","PF,F,C,Flx","128","ZAYN","PHO Mon 10:30PM","70.42","99%","+99%","42","27.5","5.4","11.3",".480","4.1","5.5",".753","1.1","8.5","2.8","1.1","1.1","2.4","16.1"
"Ball, Lonzo","LAL","PG,G,Flx","129","Pumba","SA Mon 10:30PM","70.24","99%","+99.1%","63","29.7","3.5","9.0",".385","0.6","1.1",".541","1.6","5.5","4.7","1.5","0.6","1.9","9.1"
"Gasol, Pau","SA","PF,F,C,Flx","130","turgi","@LAL Mon 10:30PM","70.2","73%","+72.8%","68","23.1","3.5","7.5",".468","1.8","2.4",".760","0.6","7.4","2.3","0.3","0.9","1.3","9.5"
"Harrell, Montrezl","LAC","PF,F,C,Flx","131","MCB","","70.15","77%","+77.3%","76","18.9","4.5","7.2",".633","1.8","2.8",".629","0.0","4.6","1.0","0.5","0.8","0.9","10.8"
"Green, Danny","TOR","SG,G,SF,F,Flx","132","ZAYN","CHA Mon 7:30PM","70.09","65%","+64.6%","68","26.1","3.2","8.0",".402","0.7","0.9",".809","1.9","3.5","1.6","1.0","0.9","1.1","9.1"
"Moore, E'Twaun","NO","SG,G,SF,F,Flx","133","TAP","","69.74","54%","+54.4%","72","31.2","5.0","10.1",".492","0.7","0.9",".721","1.5","2.9","2.3","0.9","0.3","1.2","12.1"
"Rozier, Terry","BOS","PG,SG,G,Flx","134","argold","ORL Mon 7:30PM","69.37","83%","+82.6%","71","20.9","3.2","8.2",".394","1.2","1.5",".771","1.6","3.9","2.4","0.8","0.2","0.8","9.2"
"Sabonis, Domantas","IND","PF,F,C,Flx","135","Pumba","@MIN Mon 8:00PM","69.25","93%","+93.1%","73","23.0","4.2","8.4",".500","2.1","2.9",".751","0.2","7.3","1.9","0.5","0.4","1.7","10.8"
"Allen, Jarrett","BKN","PF,F,C,Flx","136","ZAYN","","68.93","98%","+98.3%","76","24.7","4.0","7.1",".560","2.2","2.9",".758","0.1","6.4","0.9","0.4","1.4","1.5","10.3"
"Knox, Kevin","NY","SF,PF,F,Flx","137","turgi","@MIL Mon 8:00PM","68.73","93%","+93.5%","72","29.6","4.5","10.8",".418","2.1","2.7",".784","1.3","4.5","1.3","0.8","0.2","1.7","12.5"
"Harkless, Moe","POR","SF,F,Flx","138","ynwa","WAS Mon 10:00PM","67.92","32%","+32.1%","68","28.0","3.5","7.3",".487","1.0","1.5",".636","0.9","3.7","1.1","1.0","0.9","0.9","9.0"
"Tucker, P.J.","HOU","SF,F,C,Flx","139","TAP","","67.75","53%","+52.7%","82","28.7","2.3","5.9",".394","0.5","0.7",".746","1.6","5.6","1.0","1.1","0.3","0.9","6.7"
"Isaac, Jonathan","ORL","PF,F,Flx","140","ynwa","@BOS Mon 7:30PM","66.35","89%","+89%","71","22.5","2.8","6.6",".425","1.2","1.5",".756","0.7","4.2","0.8","1.1","1.2","1.2","7.5"
"Mills, Patty","SA","PG,G,Flx","141","TAP","@LAL Mon 10:30PM","64.6","39%","+39.3%","70","26.9","3.8","9.2",".413","1.3","1.5",".855","2.1","2.1","3.1","0.8","0.1","1.3","11.0"
"Morris, Markieff","WAS","PF,F,C,Flx","142","MCB","@POR Mon 10:00PM","64.49","63%","+63.1%","69","23.0","3.4","7.5",".452","1.3","1.6",".810","0.9","4.5","1.4","0.8","0.4","1.4","9.0"
"Portis, Bobby","CHI","PF,F,C,Flx","143","Giladsh","@DAL Mon 8:30PM","64.21","90%","+89.6%","70","16.8","4.0","8.4",".472","1.2","1.6",".772","0.8","5.1","1.3","0.5","0.2","1.1","10.0"
"Thompson, Tristan","CLE","PF,F,C,Flx","144","TheMacca","","64.06","52%","+52.4%","78","26.7","3.4","6.3",".539","1.6","2.8",".576","0.0","8.8","0.8","0.4","0.6","1.0","8.4"
"Hart, Josh","LAL","SG,G,SF,F,Flx","145","Pumba","SA Mon 10:30PM","63.94","79%","+79.3%","72","21.9","3.1","6.7",".461","1.2","1.7",".710","1.4","3.8","1.2","0.7","0.2","0.7","8.7"
"Len, Alex","ATL","PF,F,C,Flx","146","Gabi_p","","63.2","62%","+61.6%","68","22.0","3.4","6.0",".561","2.1","3.0",".705","0.0","7.2","0.9","0.5","1.0","1.2","8.9"
"Powell, Dwight","DAL","PF,F,C,Flx","147","ZAYN","CHI Mon 8:30PM","63.09","29%","+28.7%","70","15.6","2.7","4.9",".555","1.5","2.1",".718","0.3","5.1","1.0","0.8","0.3","0.7","7.3"
"Monk, Malik","CHA","SG,G,Flx","148","TheMacca","@TOR Mon 7:30PM","62.34","79%","+79%","68","23.1","4.2","10.5",".400","1.1","1.3",".853","2.0","1.9","2.0","0.6","0.2","1.4","11.6"
"Bamba, Mohamed","ORL","C,Flx","149","TAP","@BOS Mon 7:30PM","61.33","92%","+91.9%","73","20.8","3.2","6.6",".481","1.0","1.5",".673","0.2","6.4","0.5","0.5","1.5","1.1","7.6"
"Porzingis, Kristaps","NY","PF,F,C,Flx","150","TAP","@MIL Mon 8:00PM","60.63","96%","+95.6%","35","28.7","6.8","15.8",".430","3.5","4.4",".800","1.6","5.8","1.0","0.6","1.9","1.7","18.8"
"Barea, J.J.","DAL","PG,SG,G,Flx","151","argold","CHI Mon 8:30PM","59.96","43%","+42.6%","71","22.4","4.3","9.7",".439","1.1","1.4",".781","1.6","2.8","6.1","0.5","0.0","2.0","11.3"
"Bell, Jordan","GS","PF,F,C,Flx","152","Pumba","PHO Mon 10:30PM","59.31","79%","+79%","74","17.8","2.4","4.0",".588","0.7","1.0",".699","0.0","4.4","1.7","0.7","1.2","1.0","5.5"
"Bogdanovic, Bojan","IND","SG,G,SF,F,Flx","153","GFv","@MIN Mon 8:00PM","56.38","62%","+61.7%","70","23.0","3.6","7.9",".458","1.6","1.9",".874","1.4","2.6","1.1","0.5","0.1","1.0","10.2"
"Burke, Trey","NY","PG,G,Flx","154","TheMacca","@MIL Mon 8:00PM","55.4","72%","+71.6%","54","23.5","4.9","11.6",".419","1.3","1.7",".758","1.1","2.1","5.1","0.7","0.1","1.3","12.1"
"Gilgeous-Alexander, Shai","LAC","PG,G,Flx","155","Giladsh","","53.82","62%","+61.8%","69","18.8","2.4","5.6",".433","2.1","2.6",".830","0.3","2.2","2.8","0.9","0.3","1.8","7.2"
"Rondo, Rajon","LAL","PG,G,Flx","156","TAP","SA Mon 10:30PM","51.47","84%","+83.6%","66","22.7","3.1","6.7",".466","0.3","0.6",".540","0.7","3.5","5.9","0.9","0.1","2.0","7.3"
"Collins, Zach","POR","PF,F,C,Flx","157","ZAYN","WAS Mon 10:00PM","51.45","34%","+34.4%","72","19.8","2.3","5.8",".396","0.5","0.8",".639","0.7","4.4","1.0","0.3","0.6","1.2","5.8"
"Osman, Cedi","CLE","SF,PF,F,Flx","158","Gabi_p","","50.66","93%","+92.7%","57","23.8","3.3","6.9",".483","1.0","1.7",".570","1.2","4.4","1.5","0.8","0.1","1.2","8.8"
"McGee, JaVale","LAL","C,Flx","159","BNEI","SA Mon 10:30PM","42.47","78%","+77.7%","63","9.6","2.2","3.5",".623","0.6","0.8",".725","0.0","2.7","0.5","0.3","0.9","0.4","4.9"
"Marjanovic, Boban","LAC","C,Flx","160","ZAYN","","30.67","42%","+42.3%","39","8.8","2.0","3.8",".531","2.0","2.5",".794","0.0","3.7","0.6","0.3","0.3","0.9","6.0"
"McGruder, Rodney","MIA","SG,G,Flx","161","Giladsh","","18.95","50%","+50.1%","21","14.0","1.7","3.5",".492","0.2","0.4",".497","0.7","1.5","0.8","0.4","0.1","0.2","4.3"